name,id,is_mod,is_employee,is_gold,link_karma,comment_karma,created_utc,verified,profile_picture
laci4225,11llz7,False,False,False,943,64,1474587729.0,True,"https://styles.redditmedia.com/t5_cp135/styles/profileIcon_snoo3670b67c-bd2c-489e-9d12-d2243f8836af-headshot.png?width=256&height=256&crop=256:256,smart&s=018586c7e6d15f9c73fc3a318a168f285f66bcd6"
Dawnbringer_Fortune,lki3xvyv,True,False,False,31789,44720,1649145742.0,True,https://i.redd.it/snoovatar/avatars/nftv2_bmZ0X2VpcDE1NToxMzdfNmFjYjhmYjgyODgwZDM5YzJiODQ0NmY4Nzc4YTE0ZDM0ZWU2Y2ZiN18yMTYxOTU_rare_d3674b46-c130-4deb-8508-f5b90e94d0d8-headshot.png
wappingite,gveuu,True,False,False,96795,192704,1402060423.0,True,https://www.redditstatic.com/avatars/defaults/v2/avatar_default_6.png
dumael,3d0w8,False,False,False,659,22630,1233087454.0,True,"https://styles.redditmedia.com/t5_b6h0r/styles/profileIcon_snooc6edf646-49f6-4ef9-b9ef-a81fa126a957-headshot.png?width=256&height=256&crop=256:256,smart&s=7496ff08def3773bde2aa3f156eb3b2fff2587ba"
ProxyZee,dipnosj9,True,False,False,33734,1870,1627239044.0,True,"https://styles.redditmedia.com/t5_4t3ixw/styles/profileIcon_snoo5021aa92-8452-4afa-bbc9-630359e01cae-headshot.png?width=256&height=256&crop=256:256,smart&s=b09c89a5685d72adc6f3c9da115681ff4a691311"
MajorHubbub,u0589llb5,False,False,False,29663,83063,1707692311.0,True,"https://styles.redditmedia.com/t5_as66zr/styles/profileIcon_akgibkm71cic1.jpeg?width=256&height=256&crop=256:256,smart&s=aa564cc65dc579969c247c518e2e18b47d48a498"
bloomberg,1095cgk5,True,False,False,394653,83807,1520378419.0,True,"https://styles.redditmedia.com/t5_pawub/styles/profileIcon_hh72dralflla1.png?width=256&height=256&crop=256:256,smart&s=f42205c1d2a8bbffc9dace72910876007e446f2b"
FormerlyPallas_,16kg1n,True,False,False,161372,92286,1490717632.0,True,https://www.redditstatic.com/avatars/defaults/v2/avatar_default_3.png
paolog,3lgfn,True,False,False,7241,245321,1250774155.0,True,"https://styles.redditmedia.com/t5_21aurc/styles/profileIcon_snoo14e90fc4-f47e-4c72-9ed2-88db0fa44070-headshot.png?width=256&height=256&crop=256:256,smart&s=ec5e0a5447765dd6b638fb265cd7a0a256369db2"
FormerlyPallas_,16kg1n,True,False,False,161372,92286,1490717632.0,True,https://www.redditstatic.com/avatars/defaults/v2/avatar_default_3.png
