title,id,author,selftext,score,created_utc,upvote_ratio,num_comments,subreddit,url,over_18,edited,num_crossposts,permalink,comments
Sooo; when did this anti-woke/pro-woke debate became so important?,1e069s6,laci4225,"I am just really curious when did the people on top found such a good ""chewing toy"" for the common people. I mean; who cares about political corruption, the economy, monopoly capitalism (free market competition? don't make me laugh). Billy wants to cut his d*%k off. Now, that is the source of all problems in this century.

Seriously. Almost like an owner giving his dogs a new chew bone so he can organize his money. 

Except that scenario is better, because atleast the owner play with his money instead of his AND the pets' money ...",0,1720643871.0,0.5,3,ukpolitics,https://www.reddit.com/r/ukpolitics/comments/1e069s6/sooo_when_did_this_antiwokeprowoke_debate_became/,False,1720644160.0,0,/r/ukpolitics/comments/1e069s6/sooo_when_did_this_antiwokeprowoke_debate_became/,"[('When they ran out of any actual policy ideas', 1), ('When focus groups showed that culture wars get more passion than policy', 1), ('You might be reading Twitter too much', 1)]"
NEW: Labour government to put failing water companies in ‚Äúspecial measures‚Äù to make them clean up Britain‚Äôs waterways with new legislation expected by industry,1e03fqs,Dawnbringer_Fortune,"-banning bonuses for worst polluters
- potential criminal charges for repeat offenders 
- tougher monitoring of sewage outflows ",193,1720636917.0,0.99,13,ukpolitics,https://x.com/pickardje/status/1811101480260448590?s=46&t=0RSpQEWd71gFfa-U_NmvkA,False,False,0,/r/ukpolitics/comments/1e03fqs/new_labour_government_to_put_failing_water/,"[('Snapshot of _NEW: Labour government to put failing water companies in ‚Äúspecial measures‚Äù to make them clean up Britain‚Äôs waterways with new legislation expected by industry_ :\n\nA Twitter embedded version can be found [here](https://platform.twitter.com/embed/Tweet.html?id=1811101480260448590) \n\nA non-Twitter version can be found [here](https://twiiit.com/pickardje/status/1811101480260448590/) \n\nAn archived version can be found [here](https://archive.is/?run=1&url=https://x.com/pickardje/status/1811101480260448590?s=46&t=0RSpQEWd71gFfa-U_NmvkA) or [here.](https://archive.ph/?run=1&url=https://x.com/pickardje/status/1811101480260448590?s=46&t=0RSpQEWd71gFfa-U_NmvkA)      \n\n\n*I am a bot, and this action was performed automatically. Please [contact the moderators of this subreddit](/message/compose/?to=/r/ukpolitics) if you have any questions or concerns.*', 1), ('> Steve Reed, the new environment secretary, has drawn up measures including banning bonuses for executives of heavily polluting water companies and imposing criminal charges on the worst lawbreakers, while introducing tougher monitoring of sewage overflows.\n\nNice', 1), ('If they want ¬£100bn investment to fix their issues then we should own the companies.', 1), (""Ofwat should be put into special measures as well. They're basically toothless and in the pockets of the water companies.\n\nThere should be consequences for mismanaging a public utility to the extent these companies have. Forget giving them ¬£100bn to fix their own neglect, revoke their contracts with no recompense instead, as we're paying for the work that needs doing either way."", 1), ('Link [https://archive.is/Z4TJR](https://archive.is/Z4TJR)', 1), ('""Little has changed since 2018. It is more of the same. England‚Äôs nine major water and sewage companies are more than 90% owned by overseas investors scattered across China, Hong Kong, Singapore, the Caymans, Qatar, the UAE and elsewhere. They have little or no physical contact with polluted rivers and crumbling infrastructure and have done absolutely nothing to curb undeserved executive pay. Their main concerns are returns and dividends. Since privatisation, around ¬£75 billion has been paid in dividends, funded by debt and squeezes on investment."" [source](https://hansard.parliament.uk/lords/2024-02-22/debates/55D8B31D-41B2-4991-80D7-1F61127249BA/WaterAndSewageCompaniesDirectors%E2%80%99Remuneration)\n\nTime to bring water back into public ownership.', 1), (""Isn't it amazing what can happen when you have people in government who believe that government can actually do things."", 1), ('Excellent news, I hope this is the first step in finally moving away from the privatisation model that has utterly failed.\n\nDieter Helm wrote a good article on how to split up Thames Water: https://dieterhelm.co.uk/regulation-utilities-infrastructure/putting-thames-water-into-special-administration-and-breaking-it-up/\n\nLonger term, he proposes a ""systems regulation"" model but TBH I don\'t have enough skill to properly dissect it: https://dieterhelm.co.uk/natural-capital-environment/water/water-a-new-start/', 1), ('They need a ban on dividends as well', 1), ('feels like nitpicking- failing to meet obligations should result in fines that tip them into insolvency, after which the government can pick up the responsibilities for free. If the government chooses to trust another private enterprise with those responsibilities that‚Äôs on them. I wouldn‚Äôt.\n\nI‚Äôm interpreting‚Äúcriminal charges‚Äù as referring to criminal charges against corporate entities and not individuals.\n\nTarget the fines by law at the corporate owner of the assets and the responsibilities - any attempt to assert that some operating or service company was at fault should see the fines migrate to whichever entities are otherwise capable of carrying on.\n\nThinking about it, it‚Äôs probably as simple as saying that either the fines are paid, or the relevant assets (pipes and treatment plants) are seized *without regard to their ownership* - this would defang classical corporate-structural evasive tactics, since the relevant assets are by definition physical, known and in the UK', 1), ('Need to fine them into oblivion. Then nationalise after bankruptcy.\n\n(to be clear I have no idea if this works. But I want it to).', 1), (""It's not that simple yet. It's got to be an efficient and gradual process if they decide to do something like that with a stabilised economy for a several months at least."", 1), ('The same could be said of our energy regulator.  I think there needs to be some toughening up.', 1), ('Thank youüôÇ', 1)]"
Dawn Butler apparently reported to police for celebrating ‚Äòmelanin‚Äô in Labour government,1e03fcj,wappingite,,8,1720636889.0,0.67,37,ukpolitics,https://www.theguardian.com/politics/article/2024/jul/10/dawn-butler-apparently-reported-to-police-over-celebrating-melanin-in-labour-government?CMP=Share_iOSApp_Other,False,False,0,/r/ukpolitics/comments/1e03fcj/dawn_butler_apparently_reported_to_police_for/,"[('Snapshot of _Dawn Butler apparently reported to police for celebrating ‚Äòmelanin‚Äô in Labour government_ :\n\nAn archived version can be found [here](https://archive.is/?run=1&url=https://www.theguardian.com/politics/article/2024/jul/10/dawn-butler-apparently-reported-to-police-over-celebrating-melanin-in-labour-government?CMP=Share_iOSApp_Other)  or [here.](https://archive.ph/?run=1&url=https://www.theguardian.com/politics/article/2024/jul/10/dawn-butler-apparently-reported-to-police-over-celebrating-melanin-in-labour-government?CMP=Share_iOSApp_Other)         \n\n\n*I am a bot, and this action was performed automatically. Please [contact the moderators of this subreddit](/message/compose/?to=/r/ukpolitics) if you have any questions or concerns.*', 1), ('The solution to these silly complaints is to stop having the police micromanage what people want to say on the Internet', 1), (""I watched the first session of the House of Commons the other day, and there were various positive references to how many more women and members of ethnic minorities have been elected. Similarly on the media the last couple of days. And why not?\n\nIt seems it's ok as long as you use right-on language but not if you state it a little jokily like this. And 'melanin' isn't a slur or anything. I don't see what the fuss is about."", 1), ('The context is that there are more black MPs than there were before. You‚Äôd have to be catastrophically stupid to take offence to this', 1), ('*Responding to the post, a user replied: ‚ÄúJust imagine if a white MP celebrated the lack of melanin in a group photo..?""*\n\nWell, that would be a celebration of an absence of certain people.\n\nWhereas Dawn\'s tweet appears to be celebratory because of the inclusion.\n\nSome people on social media are very silly and, seemingly, very fragile.', 1), ('Would be very interested to know if this was filed as a sinister ""Non Crime Hate Incident"".', 1), ('Dawn Butler rightfully celebrating a triumph of inclusion at the highest level in our democracy. I think Dawn & her colleagues look absolutely fantastic in the pictures & the smiles tell a thousand words.\n\nI hope the police question those that reported Dawn for false allegation.', 1), ('Odd flex for a party which has been lagging behind Tories when it comes to top-level ""melanin"" for years.\n\nAmong other reasons, of course.', 1), ('Labour MPs seem to care more about race than Tories ones at times.', 1), ('""Just imagine if a white MP celebrated the lack of melanin in a group photo....?""\n\n\nSuch a stupid take. I wonder if the same person would feel the need to ask where the men are if the photo celebrated the amount of women MPs.\xa0', 1), ('I mean this seems very on message for Labour. \n\nAre people surprised?', 1), ('Whoever reported this to the police should be done for wasting police time. They have far better things to do than waste their time on rubbish like this', 1), (""> Whereas Dawn's tweet appears to be celebratory because of the inclusion.\n\nOh come off it. That's twisted logic, and you know it.\n\nDrawing attention to the racial make-up of any random group of people is always cringe.\n\nCan we all just agree, oh I don't know, not to go around making a huge issue out of race at every turn?\n\nIt's not 1965. Let's stop acting like it is."", 1), ('You think the likes of Dawn would be okay with someone going ""look at all that great white faces""?\xa0', 1), (""It really only takes one.\n\nIn the past they'd complain to their mates down the pub. Social media amplifies them."", 1), ('Technically, Isn‚Äôt celebrating melanin also celebrating an absence of certain people? (In the photo anyway, plenty of whiteys in parliament itself)', 1), ('You took time out of your day to justify racism.\n\nWhat happened in your life to cause this?', 1), (""> Dawn Butler rightfully celebrating a triumph of inclusion at the highest level in our democracy.\n\n*Computer bring up all the he's a coconut, he doesn't sound <ethnic group>, she is a traitor etc comments from Labour supporters and politicians about Tory minority MPs*"", 1), ('>Dawn Butler rightfully celebrating a triumph of inclusion at the highest level in our democracy\n\nBut remember, it only counts if they have the right views.', 1), ('I think that a cursory awareness of fairly recent social history *may* provide you with some awareness of why that would be a somewhat different message to put out.', 1), ('What you\'re saying is ""All Lives Matter""', 1), ('>Technically, Isn‚Äôt celebrating melanin also celebrating an absence of certain people? (In the photo anyway, plenty of whiteys in parliament itself)\n\nOnly a fool would think celebrating a historic level of ethnic community inclusion in government is celebrating the absence of another group, especially when the background of the photo demonstrates a majority white PLP.', 1), ('No it‚Äôs not.', 1), ('Can you explain to us all how this is racism?\n\nWho is it being racist towards?', 1), ('Sure, if you subscribe to a ridiculous American world view that puts an outrageous weighting on collective guilt', 1), ('Ah so there we are, goal posts moved', 1), ('I mean it‚Äôs good yes.\n\nBut I can see why it‚Äôs a bit divisive.  At some point in the future it‚Äôd be nice if it wasn‚Äôt cause for celebration. I guess we‚Äôre not there yet.', 1), ('No what‚Äôs not?', 1), (""Celebrating black excellence and black achievement shouldn't be remotely divisive."", 1), ('Celebrating inclusion does not equal celebrating segregation.', 1), ('Once black folks are equal with white, it will be pointless and weird.  Like celebrating ‚Äòauburn hair excellence‚Äô.', 1), ('Celebrating the presence of brown skin‚Ä¶ would seem to be similar enough to celebrating the presence of white skin.  Both a bit weird but both inclusive. So would equivalent wording be ‚Äògreat to see so many celts and Anglo Saxons elected‚Äô ?\n\n(Rather than celebrating the lack of something)', 1), (""Rough summary:\n\n* Group went from being more excluded to being more included: acceptable to be celebrating that group's inclusion.\n* Group being included to the deliberate exclusion of another group: not acceptable to be celebrating \n* Group hasn't particularly changed status on the inclusion front: weird that you want to celebrate it"", 1)]"
The Unpopular ‚ÄòPopular Conservatives‚Äô Blame the Voters for Their Own Defeat,1e03e02,dumael,,11,1720636805.0,0.76,7,ukpolitics,https://bylinetimes.com/2024/07/10/popular-conservatives-liz-truss-jacob-rees-mogg-general-election-defeat-leadership-nigel-farage/,False,False,0,/r/ukpolitics/comments/1e03e02/the_unpopular_popular_conservatives_blame_the/,"[('Snapshot of _The Unpopular ‚ÄòPopular Conservatives‚Äô Blame the Voters for Their Own Defeat_ :\n\nAn archived version can be found [here](https://archive.is/?run=1&url=https://bylinetimes.com/2024/07/10/popular-conservatives-liz-truss-jacob-rees-mogg-general-election-defeat-leadership-nigel-farage/)  or [here.](https://archive.ph/?run=1&url=https://bylinetimes.com/2024/07/10/popular-conservatives-liz-truss-jacob-rees-mogg-general-election-defeat-leadership-nigel-farage/)         \n\n\n*I am a bot, and this action was performed automatically. Please [contact the moderators of this subreddit](/message/compose/?to=/r/ukpolitics) if you have any questions or concerns.*', 1), ('Technically that‚Äôs correct I suppose.', 1), ('Every ‚Äúpopular‚Äù Conservative lost their seat. \n\nI‚Äôm amazed they‚Äôve got the neck to even turn up to the conference.', 1), (""Didn't Braverman win though? Or is she not part of the group?"", 1)]"
UK politics: Badenoch confirms she did criticise Sunak over election at shadow cabinet ‚Äì as it happened | Politics,1e02r29,ProxyZee,,5,1720635294.0,0.7,1,ukpolitics,https://www.theguardian.com/politics/live/2024/jul/10/conservative-leadership-james-cleverly-reform-uk-labour-keir-starmer,False,False,0,/r/ukpolitics/comments/1e02r29/uk_politics_badenoch_confirms_she_did_criticise/,"[('Snapshot of _UK politics: Badenoch confirms she did criticise Sunak over election at shadow cabinet ‚Äì as it happened | Politics_ :\n\nAn archived version can be found [here](https://archive.is/?run=1&url=https://www.theguardian.com/politics/live/2024/jul/10/conservative-leadership-james-cleverly-reform-uk-labour-keir-starmer)  or [here.](https://archive.ph/?run=1&url=https://www.theguardian.com/politics/live/2024/jul/10/conservative-leadership-james-cleverly-reform-uk-labour-keir-starmer)         \n\n\n*I am a bot, and this action was performed automatically. Please [contact the moderators of this subreddit](/message/compose/?to=/r/ukpolitics) if you have any questions or concerns.*', 1)]"
UK leads Europe‚Äôs M&A recovery in 2024 - The Banker,1e02q1t,MajorHubbub,,16,1720635228.0,0.95,1,ukpolitics,https://www.thebanker.com/UK-leads-Europe-s-M-A-recovery-in-2024-1720539116,False,False,0,/r/ukpolitics/comments/1e02q1t/uk_leads_europes_ma_recovery_in_2024_the_banker/,"[('Snapshot of _UK leads Europe‚Äôs M&A recovery in 2024 - The Banker_ :\n\nAn archived version can be found [here](https://archive.is/?run=1&url=https://www.thebanker.com/UK-leads-Europe-s-M-A-recovery-in-2024-1720539116)  or [here.](https://archive.ph/?run=1&url=https://www.thebanker.com/UK-leads-Europe-s-M-A-recovery-in-2024-1720539116)         \n\n\n*I am a bot, and this action was performed automatically. Please [contact the moderators of this subreddit](/message/compose/?to=/r/ukpolitics) if you have any questions or concerns.*', 1)]"
UK Homebuilders Splash Cash in Bid to Bypass Busted Planning System,1e01b76,bloomberg,,8,1720631806.0,0.75,8,ukpolitics,https://www.bloomberg.com/news/articles/2024-07-10/uk-housing-market-builders-splashing-cash-to-bypass-broken-planning-system,False,False,0,/r/ukpolitics/comments/1e01b76/uk_homebuilders_splash_cash_in_bid_to_bypass/,"[('Snapshot of _UK Homebuilders Splash Cash in Bid to Bypass Busted Planning System_ :\n\nAn archived version can be found [here](https://archive.is/?run=1&url=https://www.bloomberg.com/news/articles/2024-07-10/uk-housing-market-builders-splashing-cash-to-bypass-broken-planning-system)  or [here.](https://archive.ph/?run=1&url=https://www.bloomberg.com/news/articles/2024-07-10/uk-housing-market-builders-splashing-cash-to-bypass-broken-planning-system)         \n\n\n*I am a bot, and this action was performed automatically. Please [contact the moderators of this subreddit](/message/compose/?to=/r/ukpolitics) if you have any questions or concerns.*', 1), ('What‚Äôs up with media outlets posting here lately.', 1), ('*From Bloomberg News reporter Damian Shepherd:*\n\nBritain‚Äôs biggest developers are increasingly turning to a costly service to try to sidestep delays in the country‚Äôs broken planning system, a trend that underlines the extent of the challenge awaiting the new Labour government as it looks to make reforms.\n\nFreedom of Information requests by Bloomberg to councils across the UK show that builders are using a tool called planning performance agreements more and more to get their proposals looked at. So-called PPAs per local authority climbed to the highest on record last year following eight years of consecutive annual rises.\n\nBritain‚Äôs planning system is buckling under the strain of years of underfunding that‚Äôs allowed increasingly strident NIMBYism to slow construction amid an acute housing shortage. Critics warn that the use of PPAs ‚Äî which are only available to builders able to pay substantial amounts of money ‚Äî is hiding the true extent of that underfunding and the cost of fixing the planning process.\n\n[You can read the full story here.](https://www.bloomberg.com/news/articles/2024-07-10/uk-housing-market-builders-splashing-cash-to-bypass-broken-planning-system)', 1), ('Ugh and paywalled!', 1), ('I would love it to be banned!', 1), ('The Automod sticky post / the top comment has an Archived version which seems to get around that problem.', 1), ('I believe the agreement that allowed them to self promote here was supposed to include bypassing the paywall.\n\nFor example, when the Telegraph posts their own stuff here the link bypasses the paywall.', 1)]"
Millions paid out in claims against University Hospitals Sussex,1e00xil,FormerlyPallas_,,5,1720630898.0,1.0,3,ukpolitics,https://www.theargus.co.uk/news/24428340.millions-paid-claims-university-hospitals-sussex/,False,False,0,/r/ukpolitics/comments/1e00xil/millions_paid_out_in_claims_against_university/,"[('Snapshot of _Millions paid out in claims against University Hospitals Sussex_ :\n\nAn archived version can be found [here](https://archive.is/?run=1&url=https://www.theargus.co.uk/news/24428340.millions-paid-claims-university-hospitals-sussex/)  or [here.](https://archive.ph/?run=1&url=https://www.theargus.co.uk/news/24428340.millions-paid-claims-university-hospitals-sussex/)         \n\n\n*I am a bot, and this action was performed automatically. Please [contact the moderators of this subreddit](/message/compose/?to=/r/ukpolitics) if you have any questions or concerns.*', 1), ('The culture of denial is strong with this Trust. The police are also investigating 100+ cases after a whistleblower, who was sacked, raised a number of serious allegations. Great place. Not.\xa0', 1), ('Yet more excellent management of public finances by the NHS. How much of their ~¬£180bn budget do they spend compensating people for awful care? \n\nI love the idea of the NHS, but we need a serious inquiry and a strong set of management reforms if it is ever going to unscrew itself.', 1)]"
Wishlist for the King's Speech?,1e00x1s,paolog,"The first King's Speech of the new government is next week. Labour's manifesto is chock-full of ideas requiring new legislation, but of course it can't all be done at once.

We've had mentions of things they are getting under way, but what do we think will be announced in the King's Speech? Any surprises? Anything we would like to see?",0,1720630867.0,0.5,9,ukpolitics,https://www.reddit.com/r/ukpolitics/comments/1e00x1s/wishlist_for_the_kings_speech/,False,1720635261.0,0,/r/ukpolitics/comments/1e00x1s/wishlist_for_the_kings_speech/,"[('In the spirit of Ed Davey, I would like to see King Charles delivering the speech whilst on a bouncy castle.  Surrounding the bouncy castle will be a pit of alligators.  The speech itself will catch on fire after ten minutes.', 1), ('Tax on private schooling. But not 20%, just a flat added fee of ¬£2094 a year', 1), ('A Royal Commission to report by May 2026 on any form of electoral method that is not First Past the Post that ensures that the constituency link survives and at the same time delivers a proportional result that once delivered is enacted by May 2027 or the Government resigns', 1), ('A commitment to social housing.\n\nAn indication how we‚Äôre going to be ready for net zero in 2030.', 1), (""Whilst I've various other things I'd like, an achievable wish would be for the bill that details the future set up of the railways (as I'd be very surprised if that can all be done with secondary legislation)."", 1), (""If they want the speech to age well, it'll be centered around clear, decisive commitments on security and defence."", 1), ('Removal of hereditary peers. Start getting those Labour peers in there!!', 1), ('Removal of hereditary peers. Start getting those Labour peers in there!!', 1), ('Over a volcano obviously.\n\nGotta make this crazy', 1), ('Rishi Sunak will ascend to California at that rate', 1)]"
Did Muslim areas reject Labour? Proportion of Muslims versus average Labour vote share change - Telegraph Analysis,1e00tnp,FormerlyPallas_,,7,1720630650.0,0.61,67,ukpolitics,https://i.redd.it/c9iyl7l42qbd1.png,False,False,0,/r/ukpolitics/comments/1e00tnp/did_muslim_areas_reject_labour_proportion_of/,"[('Snapshot of _Did Muslim areas reject Labour? Proportion of Muslims versus average Labour vote share change - Telegraph Analysis_ :\n\nAn archived version can be found [here](https://archive.is/?run=1&url=https://i.redd.it/c9iyl7l42qbd1.png)  or [here.](https://archive.ph/?run=1&url=https://i.redd.it/c9iyl7l42qbd1.png)         \n\n\n*I am a bot, and this action was performed automatically. Please [contact the moderators of this subreddit](/message/compose/?to=/r/ukpolitics) if you have any questions or concerns.*', 1), (""There's constituencies in the UK with over 50% Muslim populations?"", 1), ('While Muslim areas rejected Labour, the Jewish vote for Labour has significantly increased. \n\n[Interesting summary here](https://www.bbc.com/news/articles/c3g37mk7vxlo)', 1), ('Will be interesting to see if these voters are permanently off the Labour reservation, or if they‚Äôll filter back when the Gaza issues cools down. \n\nMy bet is on the former.', 1), (""If doing the right thing pisses a demographic off the oh well. They also have no clue he ever said he wanted a seize fire because bad actors aren't interested in passing that message on."", 1), ('Out of curiosity, is the change significantly different from the Miliband era?\n\nWas it Starmer losing them, or just a return to normal after Corbyn appealed to them in 17 and 19', 1), ('The bottom three lines in the graph are doing a lot of work considering it is a tiny number or constituencies (3 in the last line and probably not more than a dozen in total).', 1), ('I mean it kinda makes sense. Labour is generally more progressive than any of the Abrahamic religions.', 1), ('Why are we calling it the gaza issue and not the israel issue? spend some time on the [israel times](https://www.timesofisrael.com). Israel is going to be a defining topic of foreign policy for as many parliaments as labour have in them, far more than it has been pre-2023. \n\nIt‚Äôs strange how it‚Äôs rejected here as topic that grown-ups shouldn‚Äôt take seriously.\n\nEDIT: not sure why this should be downvoted - aside from conflict with hamas, and the potential for worse conflict with hezbollah, there are brewing problems in the west bank. At least as significant as these are the internal conflicts in israel itself - they were so bad the words ‚Äúcivil war‚Äù were on people‚Äôs lips a year ago - these internal conflicts have continued to worsen', 1), ('Chart from: https://archive.is/fOMFr', 1), ('Like 3, Birmingham Hodge Hill, Bradford West and Birmingham Hall Green.', 1), ('Yes, and only increasing\n\nWelcome to the future no one voted for but we got anyway', 1), (""I think a permanent drift away from Labour is the most likely outcome. It's a terrible sectarian development in British politics\n\nOnly silver lining is that Labour won't be beholden to a sectarian voting bloc if they conclude they can't be won back."", 1), (""Oh I reckon the latter to be honest.\n\nThough one of the issues - and something I noticed trying to understand these candidates - is that Gaza hasn't been the only trigger point. Each of the candidates also were quite pressed about Starmer's comments about Bangladesh being a third country migrants could be deported to.\n\nWhich whilst Starmer clearly meant no harm, its understandable they might be pressed about those comments as a significant chunk of the Muslim diaspora in the UK are of Bangladeshi origin. So at a surface level it could be read as Starmer suggesting he is going to deport bangladeshis."", 1), (""It's not about Gaza, it's about trying to gain influence in the UK."", 1), ('I think we‚Äôll have a unified Islamist party by the next election.', 1), ('They wouldn‚Äôt be happy until Keir announced he was carpet bombing Tel Aviv.', 1), (""It's the worst performance ever in a lot of places"", 1), (""It's rejected as a serious topic because our government has an incredibly limited ability to influence the outcome one way or another. The Labour government has clearly stated that what they want to see is a ceasefire followed by negations leading to a lasting peace and a two state solution. Do they have any power to make that happen? Not really.\n\nThis is why no one on the subreddit views it as a serious topic for discussion, because this subreddit is about UK politics and the Israel/Palestine situation is not something that UK politicians have any real power to change."", 1), ("">Israel is going to be a defining topic of foreign policy for as many parliaments as labour have in them\n\nWhy? Other than having become a culture war flashpoint issue, how it is relevant to us? We have no particular geopolitical interest in either party, nor trade routes/resources in the area that we want to protect. \n\nUkraine is an important foreign policy topic to the UK. If Russia prevail there will be real, serious and measurably dangerous consequences for our country. Even staying in a stalemate is dangerous: functionally a proxy conflict between nuclear powers.\n\nNone of that is true of Gaza. Either side could 'win', or it could keep rumbling on forever, and none of those outcomes would particularly affect us."", 1), ('It‚Äôs been discussed to death since October 7th. This is just gaslighting.\xa0', 1), ('We did vote to end EU membership, and therefore stopped prioritising European countries as our main source of migrants. So in a way I guess we did vote to ensure our country became less European?', 1), ('Who else will they vote for?', 1), ('As far as I understand it, Starmer wasn‚Äôt talking about deporting migrants to third countries, he was talking about bogus asylum claims. \n\nHe used Bangladesh as an example presumably because it‚Äôs a country that‚Äôs largely at peace. Despite that, we get a lot of people abusing their supposed student/work visas in order to spuriously claim asylum. \n\nMaybe I‚Äôm misremembering, but I think his comments were fairly clear and the reaction to it was an exercise in wilful misunderstanding and disinformation', 1), ('How do you reckon the latter? I really doubt that they will move back to Labour now that they\'ve seen how successfully they can bring a focus to ""Muslim interests"" in the parliament now. I understand these people. None of you leftists do. I remember reading leftists saying ""The Muslim Vote won\'t have much of an impact this time round, they\'ll get no seats, all their seats will go Labour"". Well, look now what? I\'m sorry but do you people really expect me to listen to you and just say ""all will be fine, everything will go back to normal"" after you were proven wrong already. We got as many Islamist MPs as Reform MPs. But ""hey, the far-right is here! So scary!"".\n\nAnd do you really think that a careless comment about Bangladeshis a few days before the election really had as much impact to them than Gaza? If a Bangladeshi Muslim had already made their mind to vote Labour by that time, then they would have just interpreted the statement in any way that their mind told them to. You clearly have no understanding about how obsessed Muslims are with Palestine. Even before October 7th, they cared about Palestine *more than anything else*. There aren\'t even that many Bangladeshis in a lot of the areas where they lost a significant amount of votes. 85% of British Muslims are not Bangladeshi and many of the 15% Bangladeshi Muslims would have not voted or were too young to vote.\n\nI\'m so sick of the blind denial and lack of acknowledgent that Islamist politics is here. Why can\'t leftists just acknowledge that they were wrong and today we are facing the same problems as a Muslim-majority country, where people vote on the basis of religious ideals like ""holy land of al-Aqsa"". Will it be when they campaign for Sharia in their local areas (that would become Muslim-majority in the future)?', 1), (""I reckon the former.  It's an easily fixable problem for Labour of course but they think doing as much as they can to grind the bones of Palestinian toddlers to dust is more important than holding on to seats"", 1), ('I doubt it‚Äôll be couched in those terms. Bangladeshis, Mirpuri Pakistanis, and Punjabis all have a lot of inter-communal tension that I suspect would prevent that. \n\nBeing Muslim is important to their identity, but hating the group of Muslims that live in the next valley on the subcontinent is just as (if not more) important.', 1), ('They would deliberately not do that because they want to prevent ""the far-right"" from rising and they also want to gain some non-Muslim voters because they know that they\'re still reliant on the gullible ones amongst us non-Muslims for now in most places.', 1), ('you could say this about all foreign policy matters - yet it‚Äôs rightly seen as the 3rd most important brief', 1), (""Leaving aside that we're not even an outlier in western Europe for this, anyone who thinks people voted Brexit ro replace European with non European immigration is an idiot"", 1), ('My expectation would be that the 4 independent MPs decide to set up a new political party to coordinate this sectarian voting bloc.\n\nThere already is ""The Muslim Vote"" so whoever is behind that would probably get involved with the behind the scenes operations element of creating a new party.', 1), ('Unfortunately we have to remember people don\'t pay attention to the minutiae of politics to the extent we do. In most instances they just heard ""we\'ll deport people to bangladesh"" and made assumptions from there.', 1), (""With all due respect, that isn't Labour's current stance at all. Several months ago Labour voted through a motion calling for a bilateral ceasefire. In his first PM call to Netanyahu he demanded an immediate ceasefire. His appointed Attorney General has been a quite vocal critic of Israel for years. One of the first actions his government took was drop the previous government's attempt to challenge the ICC ruling declaring Netanyahu a war criminal. Its very clear the Labour government is signalling in favour of the Palestinians.\n\nYes his comments very early on in the conflict were misguided, but were in the context of the barbaric attacks on October 7th. Since then he has been on the side of stopping bloodshed."", 1), ('Utterly deranged if you actually think that.\n\n\nCan only assume you are pro hamas, and trying to fuel the toxic flames.', 1), (""That really isn't true."", 1), (""That's not at all true. Just look at the war in Ukraine. The UK government has been exercising significant measures in support of Ukraine providing both financial and military aid. This is because doing so perfectly aligns with the UK government policy of supporting Ukrainian sovereignty and containing Russian aggression while avoiding direct NATO military involvement in the war.\n\nThose options are not available in the Israel/Palestine conflict because neither Hamas nor the Netanyahu government are aiming for a two state solution. Both are aiming for the eradication of the other and the introduction of a single state where the losing side are treated as second class citizens or worse. Therefor supporting either side directly is counterproductive to the UK governments stated goal of a two state solution and a lasting peace.\n\nSee the difference?"", 1), ('And yet that is exactly what the official Vote Leave campaign promised British Asian voters.\n\n\n[Vote Leave woos British Asians with migration leaflets](https://www.ft.com/content/94adcefa-1dd5-11e6-a7bc-ee846770ec15)', 1), ('Would be catastrophic for our country and cause further division.', 1), ('And you have nasty types on the hard left, that are willing to push that as well.\n\n\nFanning the flames of ethnonationalism\xa0', 1), ('you rejected the israel situation as a serious topic - i cannot understand that position', 1), (""Only plus is Labour not being beholden to ultra religious conservatives, if they can't win these voters, they've no reason to pander to them."", 1), ('Yeah the workers party candidate in my constituency was doing exactly that. Making memes suggesting that Starmer was going to round up every Bangladeshi to genocide them.', 1), (""I said it's not a serious topic with regards to UK politics, the subject of this subreddit. Of course it's a serious topic for those involved in it or with the power to affect the outcome, but the UK government is neither of those things. Hence it is not a topic relevant to UK politics and by extension makes no sense as a major voting issue in the general election."", 1), ('So is the owen Jones types and most of the ""ordinary"" hard leftie types.', 1), ('I find it bizarre for you to say that a UN Security Council member and G7 member doesn‚Äôt have power over a foreign policy situation - and as you yourself describe it, it is a terrible one', 1), (""What would you like the UK to do? What can the UK do if the USA doesn't agree to it?\n\nWhy is it even in the UK's strategic interest to do anything? It's a very small scale war, it's nowhere near us, the economic effects are tiny compared to Russia invading Ukraine and our recent history of getting involved in the Middle East hasn't exactly shown we can achieve an enduring peace in a 1 state, let alone an enduring peace between a Taliban-like state and Israel."", 1), (""That's because of how incredibly complex the situation is and the fact that the best outcome, a two state solution, is near impossible to actually achieve. Clear cut situations like the war in Ukraine are easy to exert influence on. But a situation as messy as that in Israel/Palestine is incredibly difficult to do so. To make my point clear I'll run through some possible actions that the government could take that go beyond simple rhetoric and what effect they're likely to have.\n\n1) Give Israel an ultimatum stating that if they don't agree to an immediate ceasefire we will bad arms sales to Israel. This is the best clear action available to the government beyond rhetoric and makes a clear statement in support of peace. However as we are only a minor arms provider to Israel it is unlikely to have an effect unless other nations do the same. As a side note this is a policy I would support.\n\n2) Put a motion before the UN security council suggesting a UN peace keeping force is sent to the region. This will achieve nothing as hell will freeze over before the security council agree on this type of proposal.\n\n3) Introduce economic sanctions on Israel. This will achieve little beyond legitimising Hamas and angering our allies.\n\n4) Attempt a unilateral military intervention with the goal of achieving peace by force. I hope I don't have to explain why this one is a bad idea."", 1), ('The point in question here is, does the UK have power over the situation?', 1), ('So your position is that because it‚Äôs hard to improve the situation, it should not be discussed as an important foreign policy topic, by comparison with the war in ukraine', 1), (""We have effectively zero power or influence on the situation unless you want to send troops into Gaza and create a buffer zone.\n\nThat's not going to happen and nothing else is going to have any hope of stopping a war that both sides still want to continue fighting.\n\nYou need to ensure both sides want to stop and to build a peace that can endure. No one has been able to come up with such a plan."", 1), ('Pretty much. The UK government is powerless to influence the outcome of the conflict and the longer it remains a major topic of discussion the more it exacerbates political and religious tensions domestically. Meaning that only negative things can come from it remaining a hot-button issue.', 1), ('Yes?\n\nAlthough instead of hard, substitute, ""functionally impossible""\n\nSecurity council? France will support Israel, Russia will support chaos. our veto is irrelevant.\n\nStop \'selling weapons\' is a common refrain. Israel doesn\'t buy from us after we betrayed them in the 70s, they buy French weapons instead (or make them themselves).', 1), ('zero power? really?\n\nfair enough to not discuss it if you really believe that', 1), ('i commend the consistency of your argument in that case', 1), ('I\'m happy to listen to your ideas, I\'m open to changing my mind on ""effectively zero"".\n\nI\'ve just not come across any idea that:\n\nReleases all the hostages\n\nRemoves Hamas\n\nDestroys every single tunnel network\n\nProvides Gazans with a responsible government \n\nAll of which seem to be essential components to building a peace that endures, even a far less than ideal mediocre alternative of ""Ceasefire now"" needs to at least result in Hamas releasing every single hostage.', 1), ('there‚Äôs a lot more to what‚Äôs happening in israel than these specific points', 1), (""It's almost like Israel-Gaza is a very complicated issue!"", 1), ('I mean, do read back the whole conversation by all means. My position is that there is a reflexive ‚Äúthis isn‚Äôt a topic for serious discussion‚Äù when it may well be the foreign policy topic of the era', 1), (""No, your quote excludes the relevant part about it being a serious discussion in the UK context, which it clearly isn't. It has no military overspill threat to us, no meaningful economic effect and should be seen as no different to conflicts all over Africa that the UK doesn‚Äôt care about."", 1), ('so the uk shouldn‚Äôt have foreign policy regarding conflicts in africa? or if they do it isn‚Äôt serious enough to be discussed here?', 1)]"
